"feature","metadata","value","coef","stderr","pval","name","qval","N","N.not.zero","logP","regulation","label"
"Clostridiaceae_bacterium","Group","Control",2.66787291039654,0.522909658041595,9.65066696347483e-06,"GroupControl",0.00415943746125765,40,39,5.01544267126271,"Enriched in Control","Clostridiaceae_bacterium"
"Oscillospiraceae_bacterium_CLA_AA_H250","Group","Control",1.86695750343168,0.544889650161596,0.00148313372982326,"GroupControl",0.16324074610972,40,9,2.82881968814501,"Enriched in Control","Oscillospiraceae_bacterium_CLA_AA_H250"
"Lachnospira_eligens","Group","Control",3.99518604159902,1.16823825726582,0.00151027004257377,"GroupControl",0.16324074610972,40,21,2.82094539210144,"Enriched in Control","Lachnospira_eligens"
"Schaalia_odontolytica","Group","Control",-2.71628645169327,0.794532259016151,0.00151499532352408,"GroupControl",0.16324074610972,40,27,2.81958870773648,"Enriched in Case","Schaalia_odontolytica"
"Mogibacterium_diversum","Group","Control",-2.72066071731767,0.848694327518014,0.00273077331591969,"GroupControl",0.200141177303502,40,31,2.56371434956046,"Enriched in Case","Mogibacterium_diversum"
"Neobittarella_massiliensis","Group","Control",3.67815598843462,1.15002334131697,0.0027861880831114,"GroupControl",0.200141177303502,40,25,2.55498956964202,"Enriched in Control","Neobittarella_massiliensis"
"Solobacterium_SGB6829","Group","Control",-2.36398815258848,0.75565508343344,0.00336787518721083,"GroupControl",0.207364886526838,40,18,2.47264401174187,"Enriched in Case","Solobacterium_SGB6829"
"Lachnospiraceae_bacterium_CLA_AA_H244","Group","Control",3.87346348441737,1.31148832695186,0.00536553636944227,"GroupControl",0.289068271903702,40,26,2.2703868569887,"Enriched in Control","Lachnospiraceae_bacterium_CLA_AA_H244"
"GGB9715_SGB15265","Group","Control",3.45084819396812,1.28925633896583,0.0109166272083764,"GroupControl",0.400835646989269,40,23,1.96191152015205,"Enriched in Control","GGB9715_SGB15265"
"Klebsiella_variicola","Group","Control",2.70925773490365,1.01554263825826,0.0111601572247592,"GroupControl",0.400835646989269,40,9,1.95232968699661,"Enriched in Control","Klebsiella_variicola"
"Solobacterium_SGB6828","Group","Control",-1.31676580398147,0.488879808734966,0.0104661815759401,"GroupControl",0.400835646989269,40,7,1.98021173503255,"Enriched in Case","Solobacterium_SGB6828"
"Blautia_sp_MCC283","Group","Control",-2.85449038888915,1.02734494359529,0.00843947524201892,"GroupControl",0.400835646989269,40,7,2.07368455652371,"Enriched in Case","Blautia_sp_MCC283"
"Romboutsia_timonensis","Group","Control",2.24103126251119,0.868292365342388,0.0138377006948307,"GroupControl",0.426003499962287,40,31,1.85893606728573,"Enriched in Control","Romboutsia_timonensis"
"Streptococcus_parasanguinis","Group","Control",-2.21242383967669,0.849185612384666,0.0130316078376622,"GroupControl",0.426003499962287,40,33,1.88500199779884,"Enriched in Case","Streptococcus_parasanguinis"
"Faecalibacterium_prausnitzii","Group","Control",1.37708790085972,0.606608942781359,0.0289550511982408,"GroupControl",0.438846929971831,40,40,1.53827566281164,"Enriched in Control","Faecalibacterium_prausnitzii"
"Alistipes_putredinis","Group","Control",3.44432253863082,1.50472930966009,0.0277272617439355,"GroupControl",0.438846929971831,40,32,1.55709301784436,"Enriched in Control","Alistipes_putredinis"
"Faecalicatena_fissicatena","Group","Control",2.29061048526281,1.05854787668311,0.0368227498643794,"GroupControl",0.438846929971831,40,22,1.43388378219994,"Enriched in Control","Faecalicatena_fissicatena"
"Alistipes_ihumii","Group","Control",2.2998596987087,1.00197655874386,0.0273260282501186,"GroupControl",0.438846929971831,40,16,1.56342348701959,"Enriched in Control","Alistipes_ihumii"
"Parasutterella_SGB9260","Group","Control",3.19123958566437,1.26038848267125,0.0155981078883843,"GroupControl",0.438846929971831,40,26,1.8069280800732,"Enriched in Control","Parasutterella_SGB9260"
"Eubacterium_sp_AF34_35BH","Group","Control",2.82545876763983,1.30541413285607,0.0367818286085591,"GroupControl",0.438846929971831,40,23,1.43436668361165,"Enriched in Control","Eubacterium_sp_AF34_35BH"
"Oliverpabstia_intestinalis","Group","Control",1.75971078601798,0.737963583917089,0.0221954600221063,"GroupControl",0.438846929971831,40,20,1.65373584937743,"Enriched in Control","Oliverpabstia_intestinalis"
"Clostridiaceae_unclassified_SGB4771","Group","Control",1.62687088180883,0.658906708574209,0.0181570134458912,"GroupControl",0.438846929971831,40,16,1.74095558481469,"Enriched in Control","Clostridiaceae_unclassified_SGB4771"
"Clostridiales_bacterium_KLE1615","Group","Control",1.47331792947885,0.680467455965382,0.0367210919207908,"GroupControl",0.438846929971831,40,33,1.43508441330621,"Enriched in Control","Clostridiales_bacterium_KLE1615"
"GGB9627_SGB15081","Group","Control",1.07568721610609,0.456729975696686,0.0237784562027872,"GroupControl",0.438846929971831,40,10,1.62381634502325,"Enriched in Control","GGB9627_SGB15081"
"Clostridium_sp_AF27_2AA","Group","Control",2.86603103419825,1.24371725433398,0.0267588400544519,"GroupControl",0.438846929971831,40,20,1.57253271634776,"Enriched in Control","Clostridium_sp_AF27_2AA"
"Lachnospiraceae_bacterium_OF09_6","Group","Control",0.875059454394461,0.390956199121361,0.0311422258400845,"GroupControl",0.438846929971831,40,6,1.50665035016482,"Not significant",NA
"GGB58485_SGB80143","Group","Control",1.56203312872055,0.700286463777465,0.0316913838008102,"GroupControl",0.438846929971831,40,5,1.49905879697458,"Enriched in Control","GGB58485_SGB80143"
"Clostridium_sp_AF32_12BH","Group","Control",1.23041086055386,0.564609035596042,0.0355829522357087,"GroupControl",0.438846929971831,40,12,1.44875802234293,"Enriched in Control","Clostridium_sp_AF32_12BH"
"Clostridiaceae_bacterium_Marseille_Q4145","Group","Control",2.00101244863768,0.841556979876745,0.0225533730806909,"GroupControl",0.438846929971831,40,14,1.64678849588005,"Enriched in Control","Clostridiaceae_bacterium_Marseille_Q4145"
"Roseburia_sp_AF02_12","Group","Control",2.42626517714661,1.12657067679725,0.0376736343595307,"GroupControl",0.438846929971831,40,16,1.42396248157125,"Enriched in Control","Roseburia_sp_AF02_12"
"Actinomyces_graevenitzii","Group","Control",-2.01562779157232,0.898495259697124,0.030784000567634,"GroupControl",0.438846929971831,40,30,1.51167494163422,"Enriched in Case","Actinomyces_graevenitzii"
"Coprobacter_secundus","Group","Control",1.26269903953069,0.576550568936256,0.0347255431020363,"GroupControl",0.438846929971831,40,5,1.45935095323979,"Enriched in Control","Coprobacter_secundus"
"GGB9616_SGB15052","Group","Control",0.969071883028464,0.441662940820352,0.0344106100391531,"GroupControl",0.438846929971831,40,6,1.46330762803907,"Not significant",NA
"Klebsiella_pneumoniae","Group","Control",2.95664707712647,1.34950213915361,0.0346612403636996,"GroupControl",0.438846929971831,40,21,1.46015589997549,"Enriched in Control","Klebsiella_pneumoniae"
"Lancefieldella_parvula","Group","Control",-1.95110365638946,0.883869089320114,0.0333933588814184,"GroupControl",0.438846929971831,40,16,1.4763398951026,"Enriched in Case","Lancefieldella_parvula"
"Enterobacter_roggenkampii","Group","Control",1.17132065231212,0.543320023055028,0.0374907559325788,"GroupControl",0.438846929971831,40,7,1.42607580273561,"Enriched in Control","Enterobacter_roggenkampii"
"Clostridia_bacterium","Group","Control",-1.34843662732099,0.621228455147732,0.0362771827616305,"GroupControl",0.438846929971831,40,5,1.44036644704152,"Enriched in Case","Clostridia_bacterium"
"Clostridiaceae_bacterium_Marseille_Q4143","Group","Control",1.06676054164385,0.499285068684265,0.0391324740343438,"GroupControl",0.44384463970532,40,13,1.40746269425373,"Enriched in Control","Clostridiaceae_bacterium_Marseille_Q4143"
"Streptococcus_sanguinis","Group","Control",-1.19368993073225,0.562187516397035,0.0402998979615363,"GroupControl",0.445365539010824,40,20,1.39469605348167,"Enriched in Case","Streptococcus_sanguinis"
"Fusicatenibacter_saccharivorans","Group","Control",1.71752014285037,0.845259534183582,0.0491935067361996,"GroupControl",0.453351710970497,40,39,1.30809221785746,"Enriched in Control","Fusicatenibacter_saccharivorans"
"Oscillospiraceae_bacterium","Group","Control",1.67160880366055,0.805689996312536,0.0448318291565737,"GroupControl",0.453351710970497,40,10,1.34841354138403,"Enriched in Control","Oscillospiraceae_bacterium"
"Bacteroides_thetaiotaomicron","Group","Control",2.36363425666581,1.19897586265011,0.0559945181216044,"GroupControl",0.453351710970497,40,35,1.25185448845937,"Not significant",NA
"Bacteroides_xylanisolvens","Group","Control",1.99555769013115,0.970842343160774,0.0467506787963573,"GroupControl",0.453351710970497,40,31,1.3302120790081,"Enriched in Control","Bacteroides_xylanisolvens"
"Zhenpiania_hominis","Group","Control",-2.86684459803573,1.45646445374139,0.0563538579317953,"GroupControl",0.453351710970497,40,18,1.24907634721081,"Not significant",NA
"Clostridium_sp_1001270J_160509_D11","Group","Control",1.59451784462211,0.799267171450713,0.0532535108097572,"GroupControl",0.453351710970497,40,12,1.27365175549404,"Not significant",NA
"Eubacterium_sulci","Group","Control",-1.84330152335876,0.91578418464943,0.0512596000027834,"GroupControl",0.453351710970497,40,32,1.29022478709562,"Not significant",NA
"Lachnospira_sp_NSJ_43","Group","Control",2.12656202572043,1.04133186067248,0.0481207434108323,"GroupControl",0.453351710970497,40,13,1.31766767192387,"Enriched in Control","Lachnospira_sp_NSJ_43"
"GGB9614_SGB15049","Group","Control",1.29843396923937,0.660430003211922,0.0566308232630412,"GroupControl",0.453351710970497,40,20,1.24694712482946,"Not significant",NA
"GGB12798_SGB135773","Group","Control",0.715292544594927,0.361064428361318,0.0548546601005413,"GroupControl",0.453351710970497,40,5,1.26078647164477,"Not significant",NA
"Actinomyces_bouchesdurhonensis","Group","Control",-1.36241982357631,0.656642714215671,0.0448247536625064,"GroupControl",0.453351710970497,40,18,1.34848208845419,"Enriched in Case","Actinomyces_bouchesdurhonensis"
"GGB9646_SGB15123","Group","Control",0.895946085547318,0.453575612788821,0.0555310825721718,"GroupControl",0.453351710970497,40,6,1.25546385992312,"Not significant",NA
"Veillonella_atypica","Group","Control",-1.21502239573735,0.618448452738112,0.0568004463860947,"GroupControl",0.453351710970497,40,10,1.24564825122109,"Not significant",NA
"Clostridium_perfringens","Group","Control",1.89346603422429,0.933420629262854,0.0495574436779947,"GroupControl",0.453351710970497,40,9,1.30489110393387,"Enriched in Control","Clostridium_perfringens"
"Veillonella_dispar","Group","Control",-1.78955990586732,0.904804562964565,0.0552318100490122,"GroupControl",0.453351710970497,40,11,1.2578107239062,"Not significant",NA
"Raoultibacter_timonensis","Group","Control",1.21794908598523,0.627328904622867,0.0596416467761107,"GroupControl",0.467373632009158,40,14,1.22445037367135,"Not significant",NA
"Vescimonas_SGB15087","Group","Control",1.2491144633765,0.664787964159105,0.0679354595334592,"GroupControl",0.513687422086332,40,7,1.16790348256841,"Not significant",NA
"Eubacteriaceae_bacterium","Group","Control",1.95008979877913,1.03375949556845,0.0668994517787535,"GroupControl",0.513687422086332,40,25,1.17457744113259,"Not significant",NA
"Faecalibacterium_sp_CLA_AA_H233","Group","Control",1.25294960793126,0.672528486312486,0.0701992762818968,"GroupControl",0.521653242715474,40,7,1.15366736519781,"Not significant",NA
"GGB2998_SGB3988","Group","Control",0.773792815517477,0.41791275474989,0.0718706838576761,"GroupControl",0.525021436316244,40,6,1.14344822276253,"Not significant",NA
"Blautia_faecis","Group","Control",-0.909241564237027,0.493829579796336,0.073408357044169,"GroupControl",0.527316698100614,40,40,1.13425449578465,"Not significant",NA
"Mediterraneibacter_faecis","Group","Control",2.53589458788072,1.45764162892682,0.0900024243459623,"GroupControl",0.542771382765203,40,36,1.04574579205075,"Not significant",NA
"Ruminococcus_callidus","Group","Control",2.04436903527215,1.18014609052232,0.091330740482713,"GroupControl",0.542771382765203,40,15,1.03938302120622,"Not significant",NA
"Coprococcus_catus","Group","Control",2.09882760336256,1.21739868314921,0.0928308911116138,"GroupControl",0.542771382765203,40,34,1.03230748060347,"Not significant",NA
"GGB9760_SGB15373","Group","Control",1.20341846008889,0.677928127933297,0.0838850657649378,"GroupControl",0.542771382765203,40,18,1.07631535065151,"Not significant",NA
"GGB9707_SGB15229","Group","Control",1.55370164345434,0.86733539107188,0.0812043733122018,"GroupControl",0.542771382765203,40,10,1.09042058092863,"Not significant",NA
"GGB9491_SGB14888","Group","Control",1.59797958658976,0.925911018408132,0.0924993422501896,"GroupControl",0.542771382765203,40,22,1.03386135545695,"Not significant",NA
"TM7_phylum_sp_oral_taxon_352","Group","Control",-1.11699697158064,0.645798996490033,0.0918118163765032,"GroupControl",0.542771382765203,40,31,1.03710142057587,"Not significant",NA
"Actinomyces_SGB17132","Group","Control",-1.83625290188816,1.06631197053293,0.0931904462288284,"GroupControl",0.542771382765203,40,24,1.03062860870586,"Not significant",NA
"GGB45432_SGB63101","Group","Control",0.309784677720178,0.176650972404333,0.0875532869575204,"GroupControl",0.542771382765203,40,5,1.0577275448322,"Not significant",NA
"Pauljensenia_hongkongensis","Group","Control",-0.864626121847882,0.489710461024535,0.0854999912588463,"GroupControl",0.542771382765203,40,10,1.06803392967224,"Not significant",NA
"Clostridium_sp_AM49_4BH","Group","Control",1.28247776399722,0.731623851167776,0.0876809996784415,"GroupControl",0.542771382765203,40,11,1.05709450730455,"Not significant",NA
"Eubacterium_sp_AF16_48","Group","Control",1.05472991717638,0.585333462207704,0.0794939556382726,"GroupControl",0.542771382765203,40,5,1.09966589188114,"Not significant",NA
"Roseburia_sp_AM59_24XD","Group","Control",1.43741734341503,0.813194414072354,0.0851544054970453,"GroupControl",0.542771382765203,40,8,1.06979287872236,"Not significant",NA
"Clostridium_spiroforme","Group","Control",-0.948891605775981,0.535286562726815,0.0842986889850445,"GroupControl",0.542771382765203,40,7,1.07417917947951,"Not significant",NA
"Ruminococcus_bromii","Group","Control",3.27718643820293,1.92876104586015,0.0974715790447506,"GroupControl",0.549660176586397,40,35,1.01112199828472,"Not significant",NA
"Streptococcus_salivarius","Group","Control",-1.17528705397033,0.693262379232348,0.0981991498773841,"GroupControl",0.549660176586397,40,40,1.00789227193972,"Not significant",NA
"Mediterraneibacter_glycyrrhizinilyticus","Group","Control",-1.84428676020397,1.08417082070387,0.0970941644019231,"GroupControl",0.549660176586397,40,23,1.0128068714741,"Not significant",NA
"Bacteroides_salyersiae","Group","Control",1.55588915409589,0.924031430064883,0.100417999318946,"GroupControl",0.554873816749558,40,9,0.998188435554757,"Not significant",NA
"Turicibacter_bilis","Group","Control",1.18933834714599,0.71020035661603,0.10221469057381,"GroupControl",0.557652299206484,40,15,0.990486681729273,"Not significant",NA
"Granulicatella_SGB8255","Group","Control",-1.93715148543823,1.16996426275759,0.106011943308351,"GroupControl",0.566072560457417,40,24,0.974645204351053,"Not significant",NA
"Haemophilus_parainfluenzae","Group","Control",1.39073769563489,0.842284343242755,0.106949797411843,"GroupControl",0.566072560457417,40,11,0.970820033747918,"Not significant",NA
"Clostridium_sp_AT4","Group","Control",-1.52040090536721,0.922845557991862,0.1076982597622,"GroupControl",0.566072560457417,40,22,0.96779131417444,"Not significant",NA
"Scardovia_wiggsiae","Group","Control",-0.801605556868336,0.488444727433761,0.109021000498562,"GroupControl",0.566121098974459,40,7,0.962489836718424,"Not significant",NA
"Alistipes_finegoldii","Group","Control",1.18149495149646,0.735200098192382,0.11632468880088,"GroupControl",0.596856438966418,40,19,0.934328100645041,"Not significant",NA
"Bacteroides_eggerthii","Group","Control",1.22762167654518,0.783557069446002,0.12546869845134,"GroupControl",0.636200106265029,40,7,0.901464607134523,"Not significant",NA
"Alistipes_communis","Group","Control",1.68298076042924,1.09509192076174,0.132618307224608,"GroupControl",0.654312639108228,40,19,0.877396519839058,"Not significant",NA
"Lachnospiraceae_bacterium_CLA_AA_H215","Group","Control",0.707984554680339,0.467584185433436,0.138266254841267,"GroupControl",0.654312639108228,40,9,0.859283800544837,"Not significant",NA
"Lachnospiraceae_bacterium_AM48_27BH","Group","Control",1.70091355703014,1.12746763812553,0.139667663104308,"GroupControl",0.654312639108228,40,23,0.854904133334567,"Not significant",NA
"GGB3828_SGB5197","Group","Control",1.47010554033231,0.966963507804991,0.136705515686353,"GroupControl",0.654312639108228,40,13,0.864213962507365,"Not significant",NA
"Fructilactobacillus_sanfranciscensis","Group","Control",-1.22638352852626,0.809926120964761,0.138251323404791,"GroupControl",0.654312639108228,40,7,0.859330702738292,"Not significant",NA
"Anaerostipes_caccae","Group","Control",-0.660216936356005,0.430145520042232,0.133101062855685,"GroupControl",0.654312639108228,40,5,0.875818476527457,"Not significant",NA
"Granulicatella_adiacens","Group","Control",-0.906734324491478,0.592265327358002,0.134062745764202,"GroupControl",0.654312639108228,40,10,0.872691889984588,"Not significant",NA
"Vescimonas_coprocola","Group","Control",2.0446354422192,1.38581697977088,0.148343239684597,"GroupControl",0.663280177081809,40,29,0.828732240614908,"Not significant",NA
"Alistipes_onderdonkii","Group","Control",1.91993277964961,1.29078416236193,0.145156638580702,"GroupControl",0.663280177081809,40,29,0.838163097393189,"Not significant",NA
"Oscillibacter_sp_ER4","Group","Control",3.42718965674043,2.34072101696296,0.151374605788058,"GroupControl",0.663280177081809,40,23,0.819946974843403,"Not significant",NA
"Lentihominibacter_faecis","Group","Control",1.27448067345731,0.853093873255128,0.143446349707611,"GroupControl",0.663280177081809,40,24,0.843310498808796,"Not significant",NA
"GGB9365_SGB14341","Group","Control",1.34147843708338,0.922006968801784,0.153893312547984,"GroupControl",0.663280177081809,40,13,0.812780252076329,"Not significant",NA
"Streptococcus_vestibularis","Group","Control",-0.944894782726554,0.639112862620967,0.147529994496544,"GroupControl",0.663280177081809,40,13,0.83111967378727,"Not significant",NA
"Roseburia_faecis","Group","Control",1.92691313398482,1.32046504149917,0.152708865240807,"GroupControl",0.663280177081809,40,28,0.816135750020167,"Not significant",NA
"Clostridiaceae_bacterium_CLA_AA_H274","Group","Control",1.16952015573671,0.795664374863594,0.149829683832667,"GroupControl",0.663280177081809,40,11,0.824402136919406,"Not significant",NA
"Ruminococcus_gnavus","Group","Control",-1.27679793510625,0.892771413469014,0.160845158530865,"GroupControl",0.681373417066439,40,39,0.793592006909814,"Not significant",NA
"Phocaeicola_dorei","Group","Control",2.04766691832998,1.43321590180979,0.161253105663055,"GroupControl",0.681373417066439,40,16,0.792491912293693,"Not significant",NA
"Streptococcus_anginosus","Group","Control",1.72939722052529,1.22052400607178,0.164650167380697,"GroupControl",0.688973030495926,40,19,0.783437823455104,"Not significant",NA
"Lacrimispora_amygdalina","Group","Control",1.04479083630746,0.741953072496764,0.167212002866115,"GroupControl",0.692965127262457,40,38,0.776732551110976,"Not significant",NA
"Clostridium_SGB6173","Group","Control",1.76396425931219,1.2631301681472,0.17066745341998,"GroupControl",0.693940305886902,40,20,0.767849291701828,"Not significant",NA
"Citrobacter_braakii","Group","Control",0.678760019129432,0.485000202172412,0.169772505548557,"GroupControl",0.693940305886902,40,5,0.770132641862281,"Not significant",NA
"Gemmiger_formicilis","Group","Control",1.63685617856516,1.21279953632731,0.18511393696941,"GroupControl",0.701856831007415,40,39,0.732560882592034,"Not significant",NA
"Akkermansia_muciniphila","Group","Control",-2.28104886273432,1.75478157791292,0.201463755855663,"GroupControl",0.701856831007415,40,16,0.695803073829093,"Not significant",NA
"Agathobaculum_butyriciproducens","Group","Control",0.706020668292276,0.532297276939151,0.192635573512652,"GroupControl",0.701856831007415,40,39,0.715263509767765,"Not significant",NA
"Coprococcus_comes","Group","Control",2.10922332196609,1.56749829665286,0.186406500453081,"GroupControl",0.701856831007415,40,35,0.729538946801361,"Not significant",NA
"Odoribacter_splanchnicus","Group","Control",1.9138870812878,1.4095266662591,0.182528637937302,"GroupControl",0.701856831007415,40,27,0.738668986975103,"Not significant",NA
"GGB41458_SGB58520","Group","Control",0.637910840305792,0.464125944196671,0.177358778580995,"GroupControl",0.701856831007415,40,8,0.751147310744721,"Not significant",NA
"GGB2848_SGB3813","Group","Control",1.21530099774331,0.935445637479843,0.201713887850499,"GroupControl",0.701856831007415,40,6,0.6952641999072,"Not significant",NA
"Candidatus_Nanosynsacchari_sp_TM7_ANC_38_39_G1_1","Group","Control",1.52876227048132,1.11448181082845,0.17819434018031,"GroupControl",0.701856831007415,40,27,0.749106094168366,"Not significant",NA
"Actinomyces_oris","Group","Control",-1.32235961631158,0.994909204909835,0.191731845438638,"GroupControl",0.701856831007415,40,29,0.717305747582822,"Not significant",NA
"Clostridium_saudiense","Group","Control",0.837451988009179,0.629856898910597,0.191579952358168,"GroupControl",0.701856831007415,40,11,0.717649939076637,"Not significant",NA
"Schaalia_SGB17168","Group","Control",-1.0722714920662,0.828337220825054,0.203308684919683,"GroupControl",0.701856831007415,40,23,0.691844068818277,"Not significant",NA
"Parasutterella_excrementihominis","Group","Control",-1.76551328932683,1.31113411574756,0.186101017534416,"GroupControl",0.701856831007415,40,27,0.730251252294414,"Not significant",NA
"GGB9759_SGB15370","Group","Control",0.396679732569181,0.303471361229234,0.199019671894025,"GroupControl",0.701856831007415,40,6,0.701103994078845,"Not significant",NA
"GGB2982_SGB3964","Group","Control",1.20416451884999,0.882799681698185,0.180583649238149,"GroupControl",0.701856831007415,40,12,0.743321574992146,"Not significant",NA
"Clostridium_sp_AF36_4","Group","Control",0.738252817739522,0.567245027101973,0.200932868197606,"GroupControl",0.701856831007415,40,8,0.696949016416054,"Not significant",NA
"Clostridium_symbiosum","Group","Control",-1.31387641352042,0.987769670916618,0.191399207671088,"GroupControl",0.701856831007415,40,17,0.718059864389826,"Not significant",NA
"Candidatus_Nanosynbacter_sp_HMT_352","Group","Control",0.250295238769296,0.187947807036903,0.190883179547782,"GroupControl",0.701856831007415,40,5,0.719232339555145,"Not significant",NA
"Enterococcus_faecalis","Group","Control",0.47695752597776,0.362039240162327,0.195586580841047,"GroupControl",0.701856831007415,40,5,0.708660945389956,"Not significant",NA
"Schaalia_SGB17154","Group","Control",-1.16362916678603,0.899411818028294,0.20355476537338,"GroupControl",0.701856831007415,40,10,0.691318725998225,"Not significant",NA
"GGB3653_SGB4964","Group","Control",1.27644761045078,0.99073178191027,0.205400412644381,"GroupControl",0.702599824204191,40,15,0.687398688250924,"Not significant",NA
"Clostridiaceae_bacterium_AF18_31LB","Group","Control",1.59357660622386,1.26518506262561,0.215509713108837,"GroupControl",0.711525186484492,40,30,0.666533151236395,"Not significant",NA
"Coprobacillus_cateniformis","Group","Control",1.31947759982781,1.04224020295086,0.213219179709335,"GroupControl",0.711525186484492,40,11,0.671173731787682,"Not significant",NA
"Bittarella_massiliensis","Group","Control",-1.00025665817926,0.785495907033865,0.210608113749614,"GroupControl",0.711525186484492,40,17,0.676524901484783,"Not significant",NA
"Oxalobacter_formigenes","Group","Control",-0.789305638078656,0.627703378971711,0.216264035799231,"GroupControl",0.711525186484492,40,5,0.665015696707807,"Not significant",NA
"Solobacterium_SGB6834","Group","Control",-0.312829339503007,0.248094183309781,0.215021122332823,"GroupControl",0.711525186484492,40,5,0.667518875609927,"Not significant",NA
"Bifidobacterium_pseudocatenulatum","Group","Control",-1.7101222598785,1.41122264725553,0.233069722794684,"GroupControl",0.711543927343001,40,39,0.632514140367205,"Not significant",NA
"Bacteroides_uniformis","Group","Control",1.33247867535434,1.10773333282605,0.236461174534003,"GroupControl",0.711543927343001,40,39,0.626240157547127,"Not significant",NA
"Oscillibacter_valericigenes","Group","Control",1.40922889736977,1.14983423732022,0.227893740401404,"GroupControl",0.711543927343001,40,30,0.642267603500905,"Not significant",NA
"GGB51441_SGB71759","Group","Control",0.741767810060498,0.619773067126419,0.238783417159483,"GroupControl",0.711543927343001,40,26,0.621995837032613,"Not significant",NA
"Anaerotignum_sp_MSJ_24","Group","Control",1.18389920490111,0.967296758623685,0.228515027501055,"GroupControl",0.711543927343001,40,9,0.641085234779302,"Not significant",NA
"GGB3321_SGB4394","Group","Control",1.0830838572519,0.894698817313062,0.233541197926783,"GroupControl",0.711543927343001,40,9,0.631636496450977,"Not significant",NA
"TM7_phylum_sp_oral_taxon_348","Group","Control",-0.822460008731805,0.664351256634309,0.223314285602451,"GroupControl",0.711543927343001,40,11,0.651083493857051,"Not significant",NA
"Weissella_cibaria","Group","Control",0.946071904181651,0.791503868847928,0.239382527760406,"GroupControl",0.711543927343001,40,13,0.620907551398941,"Not significant",NA
"GGB3109_SGB4121","Group","Control",-0.936003464495346,0.764894826282302,0.228598340630258,"GroupControl",0.711543927343001,40,21,0.640926926424281,"Not significant",NA
"Lentihominibacter_hominis","Group","Control",-1.09360419239621,0.879240675242257,0.221189675670084,"GroupControl",0.711543927343001,40,10,0.655235148181779,"Not significant",NA
"Megamonas_funiformis","Group","Control",-1.89114428688422,1.56661991755491,0.234835264252981,"GroupControl",0.711543927343001,40,16,0.629236686297849,"Not significant",NA
"Mediterraneibacter_sp_NSJ_151","Group","Control",0.744889051636155,0.598621637815792,0.220994960893712,"GroupControl",0.711543927343001,40,12,0.655617628943871,"Not significant",NA
"Erysipelatoclostridium_ramosum","Group","Control",-2.16946398270071,1.78325624476191,0.231268804067962,"GroupControl",0.711543927343001,40,16,0.635882945417289,"Not significant",NA
"Coprobacillus_sp_AF33_1AC","Group","Control",0.433502866756901,0.354453529592174,0.228853868436604,"GroupControl",0.711543927343001,40,5,0.640441742067919,"Not significant",NA
"GGB9602_SGB15031","Group","Control",0.562610638423486,0.501441009822005,0.268907486762742,"GroupControl",0.717409270362603,40,5,0.570397106239015,"Not significant",NA
"Barnesiella_intestinihominis","Group","Control",1.71752772555903,1.50797958496616,0.261849385390778,"GroupControl",0.717409270362603,40,18,0.581948441131245,"Not significant",NA
"Phascolarctobacterium_faecium","Group","Control",1.46254823998367,1.30938372536939,0.271018081185317,"GroupControl",0.717409270362603,40,33,0.567001733859696,"Not significant",NA
"Faecalibacillus_intestinalis","Group","Control",0.626752050035769,0.558831364862398,0.269095246957048,"GroupControl",0.717409270362603,40,32,0.57009397313389,"Not significant",NA
"Ruminococcus_bicirculans","Group","Control",1.36536263284374,1.17627855364024,0.252984809014386,"GroupControl",0.717409270362603,40,18,0.596905556133663,"Not significant",NA
"GGB9561_SGB14972","Group","Control",0.755912793005797,0.671352922921941,0.267245789626141,"GroupControl",0.717409270362603,40,17,0.573089128239063,"Not significant",NA
"Alistipes_senegalensis","Group","Control",0.870241285614764,0.759025612665984,0.258746682449183,"GroupControl",0.717409270362603,40,10,0.587125209856764,"Not significant",NA
"Lawsonibacter_asaccharolyticus","Group","Control",1.36704961427609,1.21368716318049,0.267075980872873,"GroupControl",0.717409270362603,40,25,0.57336516792555,"Not significant",NA
"Clostridium_SGB4751","Group","Control",0.71730260097917,0.634158696391716,0.265097489027516,"GroupControl",0.717409270362603,40,16,0.576594385834083,"Not significant",NA
"Anaerosacchariphilus_sp_NSJ_68","Group","Control",1.45708402879374,1.23305515105421,0.244672790054894,"GroupControl",0.717409270362603,40,14,0.611414325646481,"Not significant",NA
"Massiliimalia_timonensis","Group","Control",0.830593954641322,0.728671724648902,0.261472898765089,"GroupControl",0.717409270362603,40,10,0.582573318371161,"Not significant",NA
"GGB3005_SGB3996","Group","Control",1.05936888934103,0.940942602430268,0.267285591471486,"GroupControl",0.717409270362603,40,6,0.573024452066827,"Not significant",NA
"Solobacterium_SGB6833","Group","Control",-0.508837686668156,0.449099281949764,0.264304897925043,"GroupControl",0.717409270362603,40,6,0.57789478873318,"Not significant",NA
"Citrobacter_portucalensis","Group","Control",0.738424786795712,0.628344020393229,0.247229222780797,"GroupControl",0.717409270362603,40,8,0.606900196437779,"Not significant",NA
"GGB3819_SGB5184","Group","Control",-0.351498604599853,0.301329353959696,0.250683920319843,"GroupControl",0.717409270362603,40,6,0.600873522205822,"Not significant",NA
"Bacteroides_faecis","Group","Control",-0.803490257540854,0.719801595550092,0.271317195055926,"GroupControl",0.717409270362603,40,6,0.566522681427265,"Not significant",NA
"Colidextribacter_sp_210702_DFI_3_9","Group","Control",0.610266185815039,0.545667202725309,0.270422928227249,"GroupControl",0.717409270362603,40,6,0.567956488838291,"Not significant",NA
"Peptostreptococcus_stomatis","Group","Control",-0.823994848980833,0.700079240643852,0.24651461243634,"GroupControl",0.717409270362603,40,7,0.608157332320302,"Not significant",NA
"Dialister_hominis","Group","Control",-1.70178104726772,1.54399207441345,0.277308788995074,"GroupControl",0.728781024737054,40,21,0.557036365721188,"Not significant",NA
"Mediterraneibacter_massiliensis","Group","Control",0.29569189388457,0.273375800704299,0.28623282510735,"GroupControl",0.745213702538329,40,6,0.543280562939852,"Not significant",NA
"GGB12785_SGB19823","Group","Control",-0.630662092715088,0.584032794845767,0.287019662694577,"GroupControl",0.745213702538329,40,7,0.54208835027909,"Not significant",NA
"Allisonella_histaminiformans","Group","Control",1.12159703202663,1.04370907531081,0.289318541501477,"GroupControl",0.746684379563692,40,16,0.538623732913567,"Not significant",NA
"Phocaeicola_plebeius","Group","Control",-1.84344116101893,1.72951106560308,0.293206186938865,"GroupControl",0.75221349149197,40,15,0.532826869893597,"Not significant",NA
"GGB3363_SGB4447","Group","Control",1.0625544482674,1.00117566403069,0.29524948007248,"GroupControl",0.752705028109053,40,23,0.529810858496333,"Not significant",NA
"Clostridium_SGB48024","Group","Control",0.4670535811046,0.441593869434916,0.296890614335358,"GroupControl",0.752705028109053,40,13,0.527403531628585,"Not significant",NA
"Lachnospira_pectinoschiza","Group","Control",1.30189168756785,1.23884710843868,0.299946653087127,"GroupControl",0.756005891699134,40,31,0.522955979713863,"Not significant",NA
"Escherichia_coli","Group","Control",-1.07385550296552,1.06539304472473,0.319857211886256,"GroupControl",0.765401991998068,40,38,0.495043852709136,"Not significant",NA
"Anaerotignum_faecicola","Group","Control",1.24188301912949,1.22691567829753,0.317844772495902,"GroupControl",0.765401991998068,40,28,0.497784926894695,"Not significant",NA
"Eggerthella_lenta","Group","Control",-0.887709687961045,0.874926040768478,0.316708154959612,"GroupControl",0.765401991998068,40,40,0.499340753778824,"Not significant",NA
"GGB4684_SGB6478","Group","Control",1.37575507455899,1.35596037917373,0.316714195076222,"GroupControl",0.765401991998068,40,5,0.499332471187237,"Not significant",NA
"Sutterella_wadsworthensis","Group","Control",-0.827639654440129,0.812498409678402,0.314817913514743,"GroupControl",0.765401991998068,40,12,0.501940563735902,"Not significant",NA
"Clostridium_SGB6179","Group","Control",0.826513280002632,0.80350518889895,0.310154638551308,"GroupControl",0.765401991998068,40,9,0.508421719312257,"Not significant",NA
"GGB9619_SGB15067","Group","Control",-0.596600582798973,0.580093445468876,0.310237538247556,"GroupControl",0.765401991998068,40,8,0.508305654403019,"Not significant",NA
"Lactococcus_lactis","Group","Control",-0.748002861023812,0.723837292478246,0.307955783249695,"GroupControl",0.765401991998068,40,5,0.511511635672293,"Not significant",NA
"Streptococcus_gallolyticus","Group","Control",0.475913711783274,0.474474065627731,0.32218902086747,"GroupControl",0.765401991998068,40,5,0.49188926297923,"Not significant",NA
"Faecalimonas_umbilicata","Group","Control",-1.20453842621637,1.20087254982982,0.322180219100092,"GroupControl",0.765401991998068,40,8,0.491901127477926,"Not significant",NA
"Blautia_caecimuris","Group","Control",-1.38417157820236,1.38293503725339,0.323209193836771,"GroupControl",0.765401991998068,40,15,0.490516294011969,"Not significant",NA
"Coprococcus_eutactus","Group","Control",1.42766843807432,1.44549763804018,0.329563816194033,"GroupControl",0.766954803904929,40,14,0.482060476859331,"Not significant",NA
"Actinomyces_dentalis","Group","Control",1.37521667523501,1.39653433283763,0.330982815606303,"GroupControl",0.766954803904929,40,23,0.4801945539013,"Not significant",NA
"Christensenella_hongkongensis","Group","Control",-0.684509277648511,0.69075653081777,0.327975460417893,"GroupControl",0.766954803904929,40,12,0.484158649592553,"Not significant",NA
"GGB51647_SGB4348","Group","Control",1.44241129122065,1.46242099402683,0.330216196531129,"GroupControl",0.766954803904929,40,9,0.481201629160481,"Not significant",NA
"Faecalibacterium_SGB15346","Group","Control",1.42436124344859,1.45274594448751,0.333059783819353,"GroupControl",0.767640464310914,40,29,0.477477804173923,"Not significant",NA
"Clostridium_leptum","Group","Control",0.958951914869138,0.987199763651585,0.337499026582942,"GroupControl",0.773734470517277,40,28,0.471727475426339,"Not significant",NA
"Eubacterium_siraeum","Group","Control",0.820195339327503,0.851548568430811,0.341546346476724,"GroupControl",0.778870239849038,40,6,0.466550355954954,"Not significant",NA
"Bifidobacterium_longum","Group","Control",-0.730458721499697,0.769773066464578,0.348653794248404,"GroupControl",0.782655131880533,40,40,0.457605604194389,"Not significant",NA
"Lachnospiraceae_bacterium_OM04_12BH","Group","Control",0.440854007976417,0.461380163327244,0.345358639651351,"GroupControl",0.782655131880533,40,7,0.46172967501045,"Not significant",NA
"Streptococcus_mitis","Group","Control",-0.897169664759765,0.945225544361375,0.348537334722875,"GroupControl",0.782655131880533,40,26,0.457750694192443,"Not significant",NA
"Alistipes_sp_AF17_16","Group","Control",-0.416757735665719,0.443156658076122,0.352937208052095,"GroupControl",0.78816547497644,40,9,0.452302554165135,"Not significant",NA
"GGB52130_SGB14966","Group","Control",1.40559881509386,1.50705638616103,0.356874625356116,"GroupControl",0.792850327466422,40,19,0.447484330328415,"Not significant",NA
"Parabacteroides_goldsteinii","Group","Control",-0.736338016192684,0.79532246341553,0.360374135900834,"GroupControl",0.796519243965433,40,8,0.443246385946641,"Not significant",NA
"GGB9699_SGB15216","Group","Control",1.59337393553795,1.73149995347675,0.363259058927896,"GroupControl",0.798799257132261,40,22,0.439783546490806,"Not significant",NA
"Evtepia_gabavorous","Group","Control",0.825163678147399,0.904808850276296,0.367531091605274,"GroupControl",0.803144737901156,40,20,0.434705915514636,"Not significant",NA
"Oscillospiraceae_bacterium_Marseille_Q3528","Group","Control",0.345623697730411,0.380129786649627,0.368962083768977,"GroupControl",0.803144737901156,40,22,0.433018261634927,"Not significant",NA
"Eubacterium_rectale","Group","Control",-1.020125074298,1.3065155447545,0.439758346980819,"GroupControl",0.811799739336797,40,39,0.356785908520173,"Not significant",NA
"Blautia_wexlerae","Group","Control",-0.283527214256172,0.350812257185342,0.424005138288594,"GroupControl",0.811799739336797,40,40,0.372628880395802,"Not significant",NA
"Eubacterium_ventriosum","Group","Control",1.58242440507753,1.83291224011278,0.393367745128208,"GroupControl",0.811799739336797,40,29,0.40520125368747,"Not significant",NA
"Roseburia_hominis","Group","Control",0.96804141753738,1.26178607759838,0.447703791129455,"GroupControl",0.811799739336797,40,32,0.349009228020773,"Not significant",NA
"Blautia_stercoris","Group","Control",0.722794483472805,0.978416196529957,0.464603987207408,"GroupControl",0.811799739336797,40,24,0.332917067426991,"Not significant",NA
"Adlercreutzia_equolifaciens","Group","Control",0.746846732641247,0.953951578766739,0.438539110511296,"GroupControl",0.811799739336797,40,24,0.357991668610816,"Not significant",NA
"GGB9708_SGB15234","Group","Control",0.684243526475612,0.814962347997838,0.406383294841238,"GroupControl",0.811799739336797,40,8,0.391064152858444,"Not significant",NA
"Clostridium_sp_AM22_11AC","Group","Control",0.500926782499927,0.640880071662617,0.439279040980976,"GroupControl",0.811799739336797,40,37,0.35725951743455,"Not significant",NA
"Oscillibacter_sp_MSJ_31","Group","Control",0.451035528063451,0.572589554334308,0.435751472539031,"GroupControl",0.811799739336797,40,9,0.360761136600081,"Not significant",NA
"Anaeromassilibacillus_senegalensis","Group","Control",-0.677922794002431,0.819309999917206,0.41315876550894,"GroupControl",0.811799739336797,40,19,0.383883028888946,"Not significant",NA
"GGB9512_SGB14909","Group","Control",-0.365256591331911,0.480616820303647,0.451959243541276,"GroupControl",0.811799739336797,40,5,0.344900726921327,"Not significant",NA
"Ruminococcus_torques","Group","Control",-0.700995986452161,0.931464387650909,0.456342821687895,"GroupControl",0.811799739336797,40,39,0.34070877656992,"Not significant",NA
"GGB2653_SGB3574","Group","Control",0.525544158048263,0.615053650063433,0.398200304515918,"GroupControl",0.811799739336797,40,14,0.399898412190246,"Not significant",NA
"GGB4552_SGB6276","Group","Control",0.555027355011274,0.661199571398832,0.40648108618783,"GroupControl",0.811799739336797,40,7,0.390959657586172,"Not significant",NA
"Flavonifractor_plautii","Group","Control",0.59560704237772,0.717434709750056,0.411616933399505,"GroupControl",0.811799739336797,40,38,0.385506767216957,"Not significant",NA
"Ruminococcus_sp_AF41_9","Group","Control",-0.727439264427394,0.825334571993547,0.383649422335447,"GroupControl",0.811799739336797,40,12,0.416065451384053,"Not significant",NA
"Clostridium_innocuum","Group","Control",-0.81235392143852,0.924543401468713,0.385111119290675,"GroupControl",0.811799739336797,40,33,0.414413941837233,"Not significant",NA
"Weissella_confusa","Group","Control",-0.802106721345152,1.01250669357336,0.433162587864866,"GroupControl",0.811799739336797,40,19,0.363349060323465,"Not significant",NA
"Streptococcus_australis","Group","Control",-0.732002581296677,0.867126797726947,0.403857604038348,"GroupControl",0.811799739336797,40,29,0.393771735586156,"Not significant",NA
"Clostridiaceae_bacterium_Marseille_Q3526","Group","Control",-0.774886947958421,0.939340488437937,0.414561847471735,"GroupControl",0.811799739336797,40,15,0.382410668944819,"Not significant",NA
"GGB35068_SGB47850","Group","Control",-0.379083158475208,0.488801184103178,0.442822611178354,"GroupControl",0.811799739336797,40,12,0.35377021150769,"Not significant",NA
"Actinomyces_naeslundii","Group","Control",-0.819780253679026,0.956940278575447,0.39699861409443,"GroupControl",0.811799739336797,40,14,0.401211009338124,"Not significant",NA
"Citrobacter_freundii","Group","Control",0.410766068188922,0.463950813648467,0.381527910955917,"GroupControl",0.811799739336797,40,6,0.418473685413564,"Not significant",NA
"Clostridium_sp_AM33_3","Group","Control",1.19398000842854,1.38069371650326,0.392592503983141,"GroupControl",0.811799739336797,40,25,0.406057996915935,"Not significant",NA
"Eisenbergiella_tayi","Group","Control",0.871853221290438,1.13081075265988,0.445475634564637,"GroupControl",0.811799739336797,40,13,0.351176044856082,"Not significant",NA
"GGB9813_SGB15447","Group","Control",1.09672512996526,1.49129863401903,0.466601129506836,"GroupControl",0.811799739336797,40,9,0.331054214239239,"Not significant",NA
"Bacteroides_cellulosilyticus","Group","Control",0.916103995783785,1.24562498112369,0.466576375847418,"GroupControl",0.811799739336797,40,19,0.331077254609657,"Not significant",NA
"Actinomyces_sp_oral_taxon_448","Group","Control",-0.415266281980259,0.516973097910256,0.426817789821259,"GroupControl",0.811799739336797,40,12,0.36975748741956,"Not significant",NA
"Clostridium_methylpentosum","Group","Control",0.291016759332659,0.379911164083302,0.448401124708982,"GroupControl",0.811799739336797,40,5,0.348333306749919,"Not significant",NA
"Eisenbergiella_massiliensis","Group","Control",-0.461039950610405,0.569284376541056,0.423063930150662,"GroupControl",0.811799739336797,40,9,0.373594000441093,"Not significant",NA
"Holdemania_massiliensis","Group","Control",-0.682446715640312,0.852426485436734,0.428344496925141,"GroupControl",0.811799739336797,40,12,0.368206808243459,"Not significant",NA
"Veillonella_parvula","Group","Control",-1.00720898840584,1.3506366855737,0.460419438850683,"GroupControl",0.811799739336797,40,25,0.336846348796873,"Not significant",NA
"Dialister_invisus","Group","Control",0.546679845078981,0.651050339284545,0.406334743690184,"GroupControl",0.811799739336797,40,8,0.391116041695699,"Not significant",NA
"Butyricimonas_paravirosa","Group","Control",1.04155323773826,1.30536567997122,0.429885858493353,"GroupControl",0.811799739336797,40,11,0.366646841180546,"Not significant",NA
"Raoultella_ornithinolytica","Group","Control",0.689337599615224,0.9281804837751,0.462244346248277,"GroupControl",0.811799739336797,40,7,0.33512839203075,"Not significant",NA
"Blautia_hydrogenotrophica","Group","Control",-0.995851361032531,1.21575369823147,0.417824254534234,"GroupControl",0.811799739336797,40,8,0.37900635299947,"Not significant",NA
"Enterococcus_faecium","Group","Control",1.13819843116443,1.4539756079355,0.438585435618578,"GroupControl",0.811799739336797,40,14,0.357945794308076,"Not significant",NA
"GGB9770_SGB15390","Group","Control",-0.494714989924381,0.60606555499893,0.419431730266431,"GroupControl",0.811799739336797,40,5,0.37733871798521,"Not significant",NA
"GGB3444_SGB4594","Group","Control",-0.506173883512788,0.677183377153498,0.459380924534005,"GroupControl",0.811799739336797,40,8,0.337827042535899,"Not significant",NA
"Enterobacter_hormaechei","Group","Control",0.447564751972564,0.568507498751326,0.436011067781725,"GroupControl",0.811799739336797,40,8,0.360502486383885,"Not significant",NA
"Schaalia_meyeri","Group","Control",-0.561864266729761,0.764895603662627,0.467114467182194,"GroupControl",0.811799739336797,40,8,0.330576681802139,"Not significant",NA
"GGB3363_SGB4448","Group","Control",-0.896453463390214,1.03364727718358,0.391236726041276,"GroupControl",0.811799739336797,40,9,0.407560384026506,"Not significant",NA
"Veillonella_tobetsuensis","Group","Control",-0.534762416160863,0.726818792237546,0.466395735485723,"GroupControl",0.811799739336797,40,6,0.331245429225641,"Not significant",NA
"GGB3109_SGB4119","Group","Control",0.484009124971401,0.63948656350473,0.453794341232114,"GroupControl",0.811799739336797,40,12,0.343140924024,"Not significant",NA
"Amedibacillus_dolichus","Group","Control",0.880882172844724,1.17561351928318,0.458292647624396,"GroupControl",0.811799739336797,40,8,0.338857110073055,"Not significant",NA
"Finegoldia_magna","Group","Control",-0.205382225799218,0.259663999385709,0.433880044227479,"GroupControl",0.811799739336797,40,5,0.36263032424551,"Not significant",NA
"Anaerococcus_obesiensis","Group","Control",-0.219617819608636,0.280738734199751,0.438894580235553,"GroupControl",0.811799739336797,40,5,0.357639782081264,"Not significant",NA
"Enterocloster_lavalensis","Group","Control",-0.742924826881142,0.871568812990205,0.399333020739294,"GroupControl",0.811799739336797,40,7,0.398664776627771,"Not significant",NA
"Massilimicrobiota_timonensis","Group","Control",-0.210019882104231,0.235161650642661,0.37743167728661,"GroupControl",0.811799739336797,40,5,0.42316165294309,"Not significant",NA
"Limosilactobacillus_mucosae","Group","Control",0.246121347352555,0.296074905391204,0.411008236409882,"GroupControl",0.811799739336797,40,5,0.386149474981544,"Not significant",NA
"Pyramidobacter_piscolens","Group","Control",0.457531717957008,0.639015016199755,0.47837138723943,"GroupControl",0.819303970634121,40,7,0.320234804637639,"Not significant",NA
"Paraprevotella_clara","Group","Control",-0.395993515781527,0.551254650406588,0.47693562450079,"GroupControl",0.819303970634121,40,7,0.321540236915515,"Not significant",NA
"Streptococcus_sinensis","Group","Control",0.197498595996138,0.273797043413461,0.475120216145765,"GroupControl",0.819303970634121,40,5,0.323196490158018,"Not significant",NA
"Parabacteroides_faecis","Group","Control",-0.397449312675196,0.555945863666395,0.479036196287235,"GroupControl",0.819303970634121,40,6,0.319631669771458,"Not significant",NA
"Roseburia_inulinivorans","Group","Control",0.89005432875169,1.32124565763235,0.504612303770473,"GroupControl",0.820709067641788,40,36,0.297042164451661,"Not significant",NA
"Alistipes_shahii","Group","Control",0.820426584234408,1.21311459788161,0.502947483696129,"GroupControl",0.820709067641788,40,27,0.298477360335103,"Not significant",NA
"Intestinibacter_bartlettii","Group","Control",0.653730211513717,0.943410635783557,0.492558647886124,"GroupControl",0.820709067641788,40,27,0.307542051588902,"Not significant",NA
"GGB4456_SGB6141","Group","Control",0.64920525197476,0.958044612851885,0.502107964379275,"GroupControl",0.820709067641788,40,14,0.299202889841469,"Not significant",NA
"Enterocloster_bolteae","Group","Control",-0.776507515289679,1.14924652100746,0.503343689005854,"GroupControl",0.820709067641788,40,33,0.298135372263908,"Not significant",NA
"GGB2983_SGB3965","Group","Control",-0.282228141102484,0.418656736371748,0.504310557115258,"GroupControl",0.820709067641788,40,7,0.297301940330037,"Not significant",NA
"Clostridium_sp_AF20_17LB","Group","Control",0.683244699809005,1.00978666625768,0.50274341173337,"GroupControl",0.820709067641788,40,16,0.298653611962629,"Not significant",NA
"Intestinimonas_butyriciproducens","Group","Control",-0.652682788629001,0.960545210017924,0.500944568781015,"GroupControl",0.820709067641788,40,12,0.300210327634525,"Not significant",NA
"Olsenella_sp_oral_taxon_807","Group","Control",0.468872018023951,0.691831471182036,0.502051491923043,"GroupControl",0.820709067641788,40,11,0.299251738011933,"Not significant",NA
"Actinobaculum_sp_oral_taxon_183","Group","Control",-0.705323761098189,1.04158931077291,0.502405665514839,"GroupControl",0.820709067641788,40,14,0.298945471802791,"Not significant",NA
"TM7_phylum_sp_oral_taxon_349","Group","Control",0.28351819959856,0.413115606625499,0.496695095714885,"GroupControl",0.820709067641788,40,6,0.303910128135395,"Not significant",NA
"Blautia_producta","Group","Control",-0.79140121053191,1.15340086884773,0.496786611889781,"GroupControl",0.820709067641788,40,12,0.303830116657438,"Not significant",NA
"Streptococcus_constellatus","Group","Control",0.369515524880945,0.534462451331087,0.493530602735267,"GroupControl",0.820709067641788,40,6,0.306685912524256,"Not significant",NA
"Anaerobutyricum_soehngenii","Group","Control",-0.799531514972714,1.20580787922244,0.51129002236732,"GroupControl",0.821891810762207,40,35,0.291332682284407,"Not significant",NA
"GGB6649_SGB9391","Group","Control",0.327606232083545,0.497369388490251,0.514074123715265,"GroupControl",0.821891810762207,40,8,0.288974256102821,"Not significant",NA
"Lachnotalea_sp_AF33_28","Group","Control",0.307858991867801,0.468284339074251,0.514874220199062,"GroupControl",0.821891810762207,40,5,0.288298852794207,"Not significant",NA
"Actinomyces_gerencseriae","Group","Control",-0.358660585309056,0.540624675536624,0.511067266136964,"GroupControl",0.821891810762207,40,7,0.291521934719485,"Not significant",NA
"Actinomyces_sp_ph3","Group","Control",-0.550976878058625,0.833426401894037,0.512537755453731,"GroupControl",0.821891810762207,40,17,0.290274137333144,"Not significant",NA
"GGB9715_SGB15260","Group","Control",1.06864442942251,1.65930532736511,0.523423718957255,"GroupControl",0.822389530887609,40,13,0.281146601186292,"Not significant",NA
"Christensenella_minuta","Group","Control",-0.49122529629441,0.751482594388086,0.517257580337918,"GroupControl",0.822389530887609,40,12,0.286293136090346,"Not significant",NA
"Streptococcus_oralis","Group","Control",0.32328881919531,0.4980787735551,0.520195981134262,"GroupControl",0.822389530887609,40,12,0.283833007345751,"Not significant",NA
"Bifidobacterium_adolescentis","Group","Control",1.25718006624302,1.95821984545648,0.5247264988262,"GroupControl",0.822389530887609,40,36,0.280067003262296,"Not significant",NA
"GGB3550_SGB4746","Group","Control",-0.652139604508103,1.00708843728809,0.521169606344595,"GroupControl",0.822389530887609,40,9,0.283020919478474,"Not significant",NA
"Blautia_glucerasea","Group","Control",-0.718078219102877,1.14572054367785,0.534571848996162,"GroupControl",0.829251542541945,40,35,0.271993915290541,"Not significant",NA
"Bacteroides_finegoldii","Group","Control",0.766395781971567,1.21801607811387,0.532972099608452,"GroupControl",0.829251542541945,40,15,0.273295525125849,"Not significant",NA
"GGB36331_SGB15121","Group","Control",-0.250725393230175,0.400342038473023,0.534876865027055,"GroupControl",0.829251542541945,40,6,0.271746186192429,"Not significant",NA
"Abiotrophia_sp_HMSC24B09","Group","Control",-0.165525804226411,0.265684509586607,0.536995203649475,"GroupControl",0.829551730368903,40,5,0.270029593328133,"Not significant",NA
"Wujia_chipingensis","Group","Control",0.693409753511756,1.12256281125585,0.540455927261396,"GroupControl",0.831237947577764,40,7,0.267239715822766,"Not significant",NA
"Holdemania_filiformis","Group","Control",0.671823255015639,1.10005299753105,0.545021442623216,"GroupControl",0.831237947577764,40,21,0.263586411063266,"Not significant",NA
"Hydrogenoanaerobacterium_SGB53821","Group","Control",-0.225639199541455,0.370186023660526,0.545801250961734,"GroupControl",0.831237947577764,40,7,0.262965473273753,"Not significant",NA
"bacterium_210917_DFI_7_65","Group","Control",0.428406273566114,0.701588789878708,0.545084315187523,"GroupControl",0.831237947577764,40,29,0.263536314625234,"Not significant",NA
"Blautia_massiliensis","Group","Control",0.79335277294638,1.30808950903279,0.547791053811708,"GroupControl",0.83133078941143,40,37,0.261385064655871,"Not significant",NA
"GGB3256_SGB4303","Group","Control",0.68346138912735,1.13968462606131,0.552269883127703,"GroupControl",0.832115368772614,40,12,0.25784863946341,"Not significant",NA
"Anaerostipes_hadrus","Group","Control",0.382680935593462,0.647417980599454,0.557961349362611,"GroupControl",0.832115368772614,40,40,0.253395884108857,"Not significant",NA
"GGB58233_SGB79883","Group","Control",-0.377419415079235,0.63327562870307,0.554722413510256,"GroupControl",0.832115368772614,40,6,0.255924286136363,"Not significant",NA
"Hydrogenoanaerobacterium_saccharovorans","Group","Control",0.470993083570141,0.793915146929851,0.55652617141602,"GroupControl",0.832115368772614,40,13,0.254514407547955,"Not significant",NA
"Clostridiaceae_bacterium_Marseille_Q4149","Group","Control",0.562393355911469,0.940307464778344,0.553324686353427,"GroupControl",0.832115368772614,40,8,0.257019953483826,"Not significant",NA
"Dorea_longicatena","Group","Control",-0.338198722665734,0.578842781427393,0.562493506216059,"GroupControl",0.835981728203868,40,33,0.249882486960264,"Not significant",NA
"Mesosutterella_multiformis","Group","Control",0.581087026765002,1.0114165019743,0.568996483774347,"GroupControl",0.842740496586748,40,11,0.244890417404782,"Not significant",NA
"Bacteroides_intestinalis","Group","Control",0.794206001349326,1.41063876890054,0.576734059745946,"GroupControl",0.845698924966864,40,17,0.239024400031912,"Not significant",NA
"Jutongia_hominis","Group","Control",0.417051404968225,0.73398892069724,0.57324271132134,"GroupControl",0.845698924966864,40,7,0.241661458539666,"Not significant",NA
"Streptococcus_cristatus","Group","Control",-0.376432016906593,0.668862374307157,0.576880473179253,"GroupControl",0.845698924966864,40,8,0.238914161222173,"Not significant",NA
"Pseudoflavonifractor_gallinarum","Group","Control",0.486487927731791,0.871274857057715,0.579871694663535,"GroupControl",0.847202374237233,40,10,0.236668089995458,"Not significant",NA
"Ruthenibacterium_lactatiformans","Group","Control",0.557377969778074,1.01168896118104,0.584901012639444,"GroupControl",0.851663298809461,40,35,0.232917626741752,"Not significant",NA
"Brotolimicola_acetigignens","Group","Control",0.693863799387098,1.29991877702819,0.596606214117258,"GroupControl",0.854276672041655,40,29,0.22431222743594,"Not significant",NA
"Phocaeicola_massiliensis","Group","Control",1.11182137884644,2.08168364367364,0.596385285459569,"GroupControl",0.854276672041655,40,15,0.224473080380927,"Not significant",NA
"Gemmiger_SGB15295","Group","Control",0.43323782076688,0.79891645236385,0.590790650250775,"GroupControl",0.854276672041655,40,6,0.228566386374012,"Not significant",NA
"GGB9453_SGB14845","Group","Control",-0.424617497270836,0.794087269517488,0.595955956587464,"GroupControl",0.854276672041655,40,5,0.224785835088321,"Not significant",NA
"GGB12785_SGB19827","Group","Control",0.122094407972615,0.226849335832901,0.593565294741483,"GroupControl",0.854276672041655,40,5,0.22653149981611,"Not significant",NA
"Massilioclostridium_coli","Group","Control",-0.326245778402751,0.617390246100715,0.600275732473279,"GroupControl",0.856684902966831,40,8,0.221649213642258,"Not significant",NA
"Schaalia_SGB17158","Group","Control",-0.280312225803457,0.535248846385938,0.603525246477322,"GroupControl",0.856959818940258,40,13,0.219304557917162,"Not significant",NA
"Actinomyces_sp_ICM47","Group","Control",-0.501835559493135,0.960689913277518,0.604444976700321,"GroupControl",0.856959818940258,40,33,0.218643227314455,"Not significant",NA
"Bacteroides_ovatus","Group","Control",0.50970053891402,1.00261801614493,0.614132928932893,"GroupControl",0.86218662009797,40,38,0.211737615742001,"Not significant",NA
"GGB33586_SGB53517","Group","Control",0.273693683639626,0.533447931002044,0.61087560391631,"GroupControl",0.86218662009797,40,7,0.214047218616702,"Not significant",NA
"Lactonifactor_longoviformis","Group","Control",0.445004006525588,0.873605889001157,0.61342611255807,"GroupControl",0.86218662009797,40,9,0.212237740745936,"Not significant",NA
"Ruminococcus_lactaris","Group","Control",-0.369177606121393,0.746868185048756,0.6239392595746,"GroupControl",0.873109808041079,40,10,0.204857686784797,"Not significant",NA
"Phocaeicola_coprocola","Group","Control",-0.860438025160197,1.78217387018583,0.6320058662029,"GroupControl",0.878692026882097,40,20,0.199278890629441,"Not significant",NA
"Streptococcus_rubneri","Group","Control",-0.300842909338159,0.621488324581269,0.63111547654573,"GroupControl",0.878692026882097,40,10,0.199891169696883,"Not significant",NA
"Bianquea_renquensis","Group","Control",0.304278760415546,0.638385651737226,0.636349565362361,"GroupControl",0.88188637514848,40,10,0.196304248184466,"Not significant",NA
"GGB9760_SGB15374","Group","Control",0.144392086956176,0.307033145557456,0.640841791888637,"GroupControl",0.88526542405129,40,5,0.193249173898236,"Not significant",NA
"Wansuia_hejianensis","Group","Control",0.503854333066641,1.08011958416597,0.643535189719147,"GroupControl",0.886145900220295,40,26,0.191427700068073,"Not significant",NA
"Enterocloster_clostridioformis","Group","Control",0.365715977915856,0.791642134085829,0.646735937256683,"GroupControl",0.887717162285447,40,11,0.189273005886599,"Not significant",NA
"Eubacterium_infirmum","Group","Control",0.31228505395977,0.684658215499019,0.650901191943345,"GroupControl",0.890598138817719,40,6,0.186484933168605,"Not significant",NA
"Leuconostoc_lactis","Group","Control",0.336127762392996,0.746425110949145,0.655040808277222,"GroupControl",0.892088109742376,40,10,0.183731643126466,"Not significant",NA
"Candidatus_Nanoperiomorbus_periodonticus","Group","Control",-0.344795136128804,0.768271635172383,0.656129769810518,"GroupControl",0.892088109742376,40,13,0.183010257058845,"Not significant",NA
"Bilophila_wadsworthia","Group","Control",0.640060989438387,1.43923277997248,0.659042237703174,"GroupControl",0.89323020267317,40,28,0.181086750787496,"Not significant",NA
"Parabacteroides_merdae","Group","Control",-0.387255985260841,0.881665321840927,0.66298079482833,"GroupControl",0.893502461712984,40,25,0.178499052018885,"Not significant",NA
"GGB3277_SGB4327","Group","Control",-0.343454327962218,0.782956013714957,0.663389298719617,"GroupControl",0.893502461712984,40,8,0.178231538460951,"Not significant",NA
"Gordonibacter_pamelaeae","Group","Control",-0.474860121024618,1.09009533272774,0.665581788571364,"GroupControl",0.893662775309214,40,28,0.176798569576657,"Not significant",NA
"Longicatena_caecimuris","Group","Control",0.50296518231281,1.16509440654179,0.668402813085927,"GroupControl",0.894663392670915,40,10,0.174961730973254,"Not significant",NA
"Hydrogeniiclostridium_mannosilyticum","Group","Control",-0.169102972882125,0.394589595241946,0.670667365892915,"GroupControl",0.894915277708503,40,6,0.173492825547587,"Not significant",NA
"Clostridium_scindens","Group","Control",0.459147549088721,1.08910777926994,0.675705979351467,"GroupControl",0.896090083386099,40,16,0.170242237967347,"Not significant",NA
"Veillonella_rogosae","Group","Control",0.402531633358734,0.950656850732751,0.674372436342458,"GroupControl",0.896090083386099,40,14,0.171100188960136,"Not significant",NA
"GGB3304_SGB4367","Group","Control",0.46889205294201,1.12784502346302,0.679937615597961,"GroupControl",0.896186887837068,40,10,0.167530932064981,"Not significant",NA
"GGB9781_SGB15402","Group","Control",0.230992670981078,0.552065930361002,0.677999073914742,"GroupControl",0.896186887837068,40,5,0.168770899339415,"Not significant",NA
"Guopingia_tenuis","Group","Control",0.292100071225801,0.729688832648615,0.691171548795402,"GroupControl",0.898575590881429,40,12,0.160414147345527,"Not significant",NA
"Pseudoflavonifractor_capillosus","Group","Control",-0.309197248235601,0.770754692540712,0.690548088334092,"GroupControl",0.898575590881429,40,5,0.16080607266689,"Not significant",NA
"Clostridia_bacterium_UC5_1_1D1","Group","Control",-0.434123220672039,1.08241977274144,0.690616952976563,"GroupControl",0.898575590881429,40,24,0.160762764976131,"Not significant",NA
"Candidatus_Saccharibacteria_unclassified_SGB19846","Group","Control",-0.248138455091891,0.622002304110903,0.692174237059477,"GroupControl",0.898575590881429,40,8,0.159784569316852,"Not significant",NA
"Peptoniphilus_lacrimalis","Group","Control",0.155354653676149,0.378976321277008,0.684157511044811,"GroupControl",0.898575590881429,40,5,0.164843900761542,"Not significant",NA
"Clostridium_sp_NSJ_42","Group","Control",0.254255523414062,0.646816431557026,0.69645146620513,"GroupControl",0.901413158962195,40,9,0.1571091429783,"Not significant",NA
"Clostridium_fessum","Group","Control",0.212465810473,0.55411761978443,0.703537162307609,"GroupControl",0.907857835193352,40,39,0.15271295727847,"Not significant",NA
"Bacteroides_caccae","Group","Control",0.644577589981536,1.76533095788979,0.717037875695582,"GroupControl",0.910224118455022,40,27,0.144457903228799,"Not significant",NA
"Enterocloster_citroniae","Group","Control",0.385930906163277,1.05020663014162,0.715299150825272,"GroupControl",0.910224118455022,40,27,0.145512290532415,"Not significant",NA
"Enterocloster_asparagiformis","Group","Control",0.268652228050977,0.735065211657882,0.716779143117405,"GroupControl",0.910224118455022,40,14,0.144614640289019,"Not significant",NA
"GGB2980_SGB3962","Group","Control",-0.211596072742985,0.567506888359779,0.711330337363359,"GroupControl",0.910224118455022,40,8,0.147928668782056,"Not significant",NA
"Anaerotruncus_colihominis","Group","Control",-0.462749013588255,1.272074775619,0.718042228015563,"GroupControl",0.910224118455022,40,18,0.143850014177113,"Not significant",NA
"Enterococcus_casseliflavus","Group","Control",-0.170213584053766,0.453597207850053,0.709559000553756,"GroupControl",0.910224118455022,40,5,0.149011486676442,"Not significant",NA
"Dysosmobacter_welbionis","Group","Control",0.372060758611497,1.04371884406877,0.723455878195538,"GroupControl",0.911086654814729,40,31,0.140587950295483,"Not significant",NA
"Actinomyces_massiliensis","Group","Control",-0.274298579376161,0.775503988908848,0.725515965976052,"GroupControl",0.911086654814729,40,10,0.139353025874072,"Not significant",NA
"Gemella_morbillorum","Group","Control",-0.188892539331322,0.537437787132569,0.727178211731477,"GroupControl",0.911086654814729,40,9,0.138359142253842,"Not significant",NA
"Butyricicoccus_SGB14990","Group","Control",-0.247816550590209,0.698908944979868,0.724867288441857,"GroupControl",0.911086654814729,40,6,0.139741498495445,"Not significant",NA
"Intestinimonas_sp_MSJ_38","Group","Control",-0.320568688672949,0.922905933428973,0.730247101099351,"GroupControl",0.912279711808174,40,9,0.13653015839283,"Not significant",NA
"Parvimonas_micra","Group","Control",-0.305338805178326,0.923164600942205,0.742648491995946,"GroupControl",0.925091040607667,40,11,0.129216696479803,"Not significant",NA
"Collinsella_aerofaciens","Group","Control",0.584344044988151,1.80615551841842,0.748068352621252,"GroupControl",0.925098743801188,40,27,0.12605871789758,"Not significant",NA
"Phocea_massiliensis","Group","Control",-0.256268933020342,0.79388584429247,0.748613788283118,"GroupControl",0.925098743801188,40,19,0.125742178129791,"Not significant",NA
"Gemella_sanguinis","Group","Control",0.222903845495706,0.691894662753864,0.749093878391217,"GroupControl",0.925098743801188,40,14,0.125463751976884,"Not significant",NA
"GGB3345_SGB4425","Group","Control",-0.272177300996983,0.88961187291346,0.761312184728503,"GroupControl",0.93483063139027,40,11,0.118437219309532,"Not significant",NA
"Eubacterium_nodatum","Group","Control",-0.149603877651952,0.484899093809478,0.759367365955316,"GroupControl",0.93483063139027,40,6,0.119548070733309,"Not significant",NA
"GGB9616_SGB15051","Group","Control",0.175690305940477,0.591651705874276,0.768122714325042,"GroupControl",0.940513891687764,40,6,0.114569392081918,"Not significant",NA
"Alistipes_indistinctus","Group","Control",0.4565619461173,1.61572461679264,0.779036844204448,"GroupControl",0.949716279033023,40,18,0.108442002075458,"Not significant",NA
"Varibaculum_cambriense","Group","Control",-0.0842943389301152,0.299714444186041,0.780045389275383,"GroupControl",0.949716279033023,40,5,0.107880125850141,"Not significant",NA
"Segatella_copri","Group","Control",0.221338639862281,1.020585002185,0.829466502687306,"GroupControl",0.951677381133264,40,10,0.081201147905812,"Not significant",NA
"Bacteroides_stercoris","Group","Control",0.460326697902816,2.04599166581455,0.823192964076402,"GroupControl",0.951677381133264,40,30,0.0844983501939377,"Not significant",NA
"Ruminococcus_sp_AF13_28","Group","Control",0.173099240241262,0.858458186828614,0.841273972649127,"GroupControl",0.951677381133264,40,35,0.0750625470878546,"Not significant",NA
"Eubacterium_ramulus","Group","Control",-0.220883759662576,0.971296828093588,0.821323143762179,"GroupControl",0.951677381133264,40,32,0.0854859391761087,"Not significant",NA
"Fusicatenibacter_sp_CLA_AA_H277","Group","Control",0.207791444304169,0.83415698094225,0.804622246231488,"GroupControl",0.951677381133264,40,36,0.0944079642057002,"Not significant",NA
"Dorea_sp_AF36_15AT","Group","Control",0.134711675139769,0.6388133423482,0.834109270325451,"GroupControl",0.951677381133264,40,26,0.0787770520111209,"Not significant",NA
"Parabacteroides_distasonis","Group","Control",-0.154702046910683,0.638787100893912,0.809942289493968,"GroupControl",0.951677381133264,40,39,0.0915459246364258,"Not significant",NA
"Bacteroides_fragilis","Group","Control",-0.388348710126868,1.5890639064269,0.808244864997328,"GroupControl",0.951677381133264,40,28,0.0924570459003335,"Not significant",NA
"Faecalicatena_contorta","Group","Control",-0.275908008319131,1.07915528264815,0.799584298626096,"GroupControl",0.951677381133264,40,19,0.0971357426767281,"Not significant",NA
"Luoshenia_tenuis","Group","Control",0.136127212835915,0.629941734828762,0.83006959096102,"GroupControl",0.951677381133264,40,10,0.0808854959330623,"Not significant",NA
"Streptococcus_gordonii","Group","Control",-0.215744291691477,1.04324497154037,0.837269286152819,"GroupControl",0.951677381133264,40,14,0.0771348398785364,"Not significant",NA
"Megasphaera_sp_NM10","Group","Control",0.160405157975359,0.736598599186988,0.828777615168521,"GroupControl",0.951677381133264,40,9,0.0815619874975829,"Not significant",NA
"Roseburia_intestinalis","Group","Control",-0.385224151506909,1.84786560280043,0.835975582521374,"GroupControl",0.951677381133264,40,21,0.0778064074067922,"Not significant",NA
"Faecalibacillus_faecis","Group","Control",-0.116210420846831,0.48657126792303,0.812516659839605,"GroupControl",0.951677381133264,40,9,0.0901677254848011,"Not significant",NA
"Mogibacterium_timidum","Group","Control",-0.0651569561094871,0.304922673794564,0.831936250563088,"GroupControl",0.951677381133264,40,5,0.0799099514609681,"Not significant",NA
"Actinomyces_johnsonii","Group","Control",0.102047669496389,0.454128652287375,0.823408147212175,"GroupControl",0.951677381133264,40,6,0.084384840190384,"Not significant",NA
"Streptococcus_thermophilus","Group","Control",0.316693038906249,1.39488707516534,0.821610849175866,"GroupControl",0.951677381133264,40,12,0.085333834617566,"Not significant",NA
"Ruminococcus_SGB4421","Group","Control",-0.234752025933744,0.948311032678866,0.805817245897795,"GroupControl",0.951677381133264,40,6,0.0937634421870304,"Not significant",NA
"Limosilactobacillus_fermentum","Group","Control",-0.132927184425173,0.520381041039203,0.799759324571186,"GroupControl",0.951677381133264,40,6,0.0970406876787359,"Not significant",NA
"Ligilactobacillus_ruminis","Group","Control",-0.0974796662429867,0.393593955910711,0.805726564217194,"GroupControl",0.951677381133264,40,5,0.0938123177475822,"Not significant",NA
"Streptococcus_sp_F0442","Group","Control",-0.144185291213293,0.55072521544661,0.794882006831809,"GroupControl",0.951677381133264,40,6,0.0996973337146008,"Not significant",NA
"Clostridium_sp_AF12_28","Group","Control",-0.121166545727294,0.598035784048816,0.840522725870858,"GroupControl",0.951677381133264,40,5,0.0754505397059129,"Not significant",NA
"Catenibacillus_scindens","Group","Control",-0.0802878246163004,0.344396675942752,0.816914779545356,"GroupControl",0.951677381133264,40,9,0.0878232466543773,"Not significant",NA
"Gordonibacter_urolithinfaciens","Group","Control",-0.0981913549337103,0.363301704399847,0.788411249432025,"GroupControl",0.951677381133264,40,5,0.10324718762522,"Not significant",NA
"GGB9765_SGB15382","Group","Control",-0.127706564775962,0.483647345141729,0.793169002858543,"GroupControl",0.951677381133264,40,6,0.100634266416473,"Not significant",NA
"Blautia_hansenii","Group","Control",-0.197185682788767,0.819451953525028,0.811134537283635,"GroupControl",0.951677381133264,40,6,0.0909071063880619,"Not significant",NA
"Longibaculum_muris","Group","Control",0.185410255905101,0.762794120235933,0.809260638800516,"GroupControl",0.951677381133264,40,5,0.0919115825129855,"Not significant",NA
"Roseburia_lenta","Group","Control",0.162004292819607,0.820201418500037,0.844475209851249,"GroupControl",0.952797946193425,40,10,0.0734130949181136,"Not significant",NA
"Phocaeicola_vulgatus","Group","Control",0.173480344493368,0.946279755567642,0.855514735365119,"GroupControl",0.962733292277718,40,40,0.0677725057808035,"Not significant",NA
"Enterocloster_aldenensis","Group","Control",-0.219024588059282,1.22411786341462,0.858947625737405,"GroupControl",0.964079236179223,40,21,0.066033316432655,"Not significant",NA
"Clostridium_sp_Marseille_P3244","Group","Control",0.0877362236342374,0.535337983025991,0.870686811877086,"GroupControl",0.972191751085555,40,13,0.0601380336642813,"Not significant",NA
"Cuneatibacter_sp_NSJ_177","Group","Control",-0.0534662801008021,0.324044269910387,0.869821093981574,"GroupControl",0.972191751085555,40,7,0.0605700644923471,"Not significant",NA
"Dorea_formicigenerans","Group","Control",-0.0525529375859056,0.405051842938111,0.89745354038384,"GroupControl",0.97223297585036,40,39,0.0469880248412186,"Not significant",NA
"GGB9730_SGB15291","Group","Control",-0.268164720192504,1.9246185256426,0.889922110015666,"GroupControl",0.97223297585036,40,25,0.0506480030974498,"Not significant",NA
"GGB51959_SGB72479","Group","Control",-0.0674840463629087,0.4319900847273,0.876689227004996,"GroupControl",0.97223297585036,40,7,0.0571543301412595,"Not significant",NA
"Clostridium_SGB4750","Group","Control",0.0971236429416027,0.683128905051727,0.887693164288995,"GroupControl",0.97223297585036,40,35,0.051737124406062,"Not significant",NA
"Clostridiales_bacterium","Group","Control",-0.160338482166272,1.00724945340399,0.874366592809916,"GroupControl",0.97223297585036,40,24,0.0583064439625991,"Not significant",NA
"Simiaoa_sunii","Group","Control",0.204536249895943,1.58172742585053,0.897792864010309,"GroupControl",0.97223297585036,40,21,0.0468238508537936,"Not significant",NA
"GGB45613_SGB63326","Group","Control",0.105034180706132,0.747419144305972,0.888984204064868,"GroupControl",0.97223297585036,40,9,0.0511059557321608,"Not significant",NA
"Corynebacterium_durum","Group","Control",0.0616781185471136,0.43822026215786,0.888813394757313,"GroupControl",0.97223297585036,40,6,0.0511894090341634,"Not significant",NA
"Rothia_mucilaginosa","Group","Control",-0.193184535286427,1.25920299616375,0.878880399421065,"GroupControl",0.97223297585036,40,19,0.0560702209506915,"Not significant",NA
"Eubacterium_hominis","Group","Control",0.085395164600167,0.634738118806436,0.893688768083891,"GroupControl",0.97223297585036,40,9,0.0488137002613782,"Not significant",NA
"Eubacterium_brachy","Group","Control",0.0634498715076417,0.479048129064217,0.895327327273539,"GroupControl",0.97223297585036,40,7,0.048018159723573,"Not significant",NA
"Schaalia_SGB17157","Group","Control",0.0698910969696266,0.54008323071316,0.897717367489798,"GroupControl",0.97223297585036,40,10,0.0468603727534797,"Not significant",NA
"Blautia_luti","Group","Control",0.178828333309574,1.57234338350657,0.910047727521777,"GroupControl",0.982932054857044,40,23,0.0409358304747333,"Not significant",NA
"Lancefieldella_rimae","Group","Control",0.0428914328021106,0.386556816133135,0.912233925621386,"GroupControl",0.982932054857044,40,8,0.0398937805535442,"Not significant",NA
"Leuconostoc_citreum","Group","Control",-0.0502522152595045,0.48856187379683,0.918617030792565,"GroupControl",0.987341496936647,40,9,0.0368655071973571,"Not significant",NA
"Anaerofustis_stercorihominis","Group","Control",-0.044497948796568,0.446443288340623,0.921128620911079,"GroupControl",0.98757819804148,40,9,0.0356797232756549,"Not significant",NA
"GGB9534_SGB14937","Group","Control",0.0666574925384589,0.839249854966011,0.937111319231109,"GroupControl",0.99490267152806,40,13,0.0282088163094238,"Not significant",NA
"Blautia_SGB4815","Group","Control",0.0816400195171127,0.969745281150117,0.933349656486749,"GroupControl",0.99490267152806,40,28,0.0299556280273014,"Not significant",NA
"Bacteroides_nordii","Group","Control",-0.0781615986369636,0.911898867945657,0.932144588932836,"GroupControl",0.99490267152806,40,21,0.030516717146784,"Not significant",NA
"Clostridium_sp_AM42_4","Group","Control",-0.0696701018282657,0.878333101293136,0.937193699861699,"GroupControl",0.99490267152806,40,14,0.0281706395421,"Not significant",NA
"Mediterraneibacter_butyricigenes","Group","Control",-0.0707157704521411,0.993575717433846,0.943633335624577,"GroupControl",0.994975951003146,40,30,0.0251967252450267,"Not significant",NA
"Monoglobus_pectinilyticus","Group","Control",-0.0535292335518954,0.792420948043468,0.94649684434174,"GroupControl",0.994975951003146,40,12,0.0238808296529091,"Not significant",NA
"Schaalia_cardiffensis","Group","Control",-0.0256618065283031,0.357093067293591,0.943087782491497,"GroupControl",0.994975951003146,40,6,0.0254478813057821,"Not significant",NA
"Coprobacter_fastidiosus","Group","Control",-0.0380666253572215,0.541008035829048,0.944274213697105,"GroupControl",0.994975951003146,40,6,0.0249018698944427,"Not significant",NA
"Blautia_obeum","Group","Control",-0.0083445874159032,0.43730912940868,0.984875798071215,"GroupControl",0.997026913399581,40,39,0.006618534592083,"Not significant",NA
"Candidatus_Cibionibacter_quicibialis","Group","Control",-0.0405330053761118,1.4374330206977,0.977651657705921,"GroupControl",0.997026913399581,40,40,0.00981585900013852,"Not significant",NA
"GGB9758_SGB15368","Group","Control",0.0133761318144062,0.86934031437089,0.987804311487554,"GroupControl",0.997026913399581,40,9,0.00532908259726142,"Not significant",NA
"Lachnospiraceae_bacterium","Group","Control",0.0448546511890991,1.14280940509289,0.968896988508215,"GroupControl",0.997026913399581,40,35,0.0137223939508535,"Not significant",NA
"Blautia_faecicola","Group","Control",-0.010234515522157,0.662725977987796,0.98775951098538,"GroupControl",0.997026913399581,40,14,0.00534877987118695,"Not significant",NA
"Butyricimonas_virosa","Group","Control",-0.0121471709362822,0.714957876174634,0.986533447294388,"GroupControl",0.997026913399581,40,12,0.00588818590176368,"Not significant",NA
"Blautia_sp_OF03_15BH","Group","Control",0.0118965701399543,0.817574373864966,0.98846647767358,"GroupControl",0.997026913399581,40,17,0.0050380545326533,"Not significant",NA
"GGB9719_SGB15272","Group","Control",-0.0185755470519115,0.85027670878431,0.982684738027552,"GroupControl",0.997026913399581,40,13,0.00758578887713802,"Not significant",NA
"Hungatella_hathewayi","Group","Control",0.0528569384788611,1.19888762907137,0.965064871920395,"GroupControl",0.997026913399581,40,23,0.015443492283025,"Not significant",NA
"Bifidobacterium_bifidum","Group","Control",0.0834153145724662,2.17695438398307,0.96963518809195,"GroupControl",0.997026913399581,40,21,0.0133916323311849,"Not significant",NA
"Faecalibacterium_sp_HTFF","Group","Control",-0.00391870836516581,0.312494616402662,0.990060331215278,"GroupControl",0.997026913399581,40,5,0.00433834003321187,"Not significant",NA
"Enterocloster_hominis","Group","Control",-0.0211074844654256,0.677638471287211,0.975314067109155,"GroupControl",0.997026913399581,40,20,0.0108555118409886,"Not significant",NA
"Solobacterium_moorei","Group","Control",0.00779023990061777,0.345706250668048,0.982139686847217,"GroupControl",0.997026913399581,40,9,0.00782673938961097,"Not significant",NA
"Blautia_schinkii","Group","Control",-0.0182240279377747,0.446663918094599,0.967668709177248,"GroupControl",0.997026913399581,40,6,0.014273302198214,"Not significant",NA
"Sellimonas_intestinalis","Group","Control",0.0604686773499507,1.27935105593038,0.96254946733774,"GroupControl",0.997026913399581,40,9,0.0165769419859362,"Not significant",NA
"Butyricimonas_faecihominis","Group","Control",0.0119344210507502,0.277576231853614,0.965930562441603,"GroupControl",0.997026913399581,40,7,0.0150540924585677,"Not significant",NA
"Tyzzerella_nexilis","Group","Control",-0.0040771183636359,0.326003313750812,0.990087050893319,"GroupControl",0.997026913399581,40,5,0.00432661948267397,"Not significant",NA
"GGB3740_SGB5077","Group","Control",0.0427906296461581,0.68874965972562,0.950786549659174,"GroupControl",0.997026913399581,40,8,0.0219169706650586,"Not significant",NA
"Anaerobutyricum_hallii","Group","Control",-0.00307478537907884,0.880146383677543,0.997230877412109,"GroupControl",0.999550018987486,40,38,0.0012042828336414,"Not significant",NA
"Bifidobacterium_dentium","Group","Control",-0.00280213303816331,0.72037230555562,0.996916714014754,"GroupControl",0.999550018987486,40,7,0.00134112268601982,"Not significant",NA
"Actinomyces_sp_HMT897","Group","Control",-0.00034645121818189,0.621545030403618,0.999558172583213,"GroupControl",0.999558172583213,40,5,0.000191925611185624,"Not significant",NA
